東京,東京都千代田区丸の内一丁目,139.766103,35.681391
新橋,東京都港区新橋二丁目17,139.758587,35.666195
品川,東京都港区高輪三丁目26-27,139.738999,35.62876
大崎,東京都品川区大崎一丁目21-4,139.728439,35.619772
五反田,東京都品川区東五反田一丁目26,139.723822,35.625974
目黒,東京都品川区上大崎二丁目16-9,139.715775,35.633923
恵比寿,東京都渋谷区恵比寿南一丁目5-5,139.71007,35.646685
渋谷,東京都渋谷区道玄坂一丁目1-1,139.701238,35.658871
原宿,東京都渋谷区神宮前一丁目18,139.702592,35.670646
代々木,東京都渋谷区代々木一丁目34-1,139.702042,35.683061
新宿,東京都新宿区新宿三丁目38-1,139.700464,35.689729
新大久保,東京都新宿区百人町一丁目10-15,139.700261,35.700875
高田馬場,東京都新宿区高田馬場一丁目35-1,139.703715,35.712677
目白,東京都豊島区目白三丁目3-1,139.706228,35.720476
池袋,東京都豊島区南池袋一丁目28-2,139.711086,35.730256
大塚,東京都豊島区南大塚三丁目33-1,139.728584,35.731412
巣鴨,東京都豊島区巣鴨一丁目16-1,139.739303,35.733445
駒込,東京都豊島区駒込二丁目1-1,139.748053,35.736825
田端,東京都北区東田端一丁目17-1,139.761229,35.737781
西日暮里,東京都荒川区西日暮里五丁目22-1,139.766857,35.731954
日暮里,東京都荒川区西日暮里二丁目19-1,139.771287,35.727908
鶯谷,東京都台東区根岸一丁目4-1,139.778015,35.721484
上野,東京都台東区上野七丁目1-1,139.777043,35.71379
御徒町,東京都台東区上野五丁目27,139.774727,35.707282
秋葉原,東京都千代田区外神田一丁目17,139.773288,35.698619
神田,東京都千代田区鍛冶町二丁目13-1,139.770641,35.691173
東京,東京都千代田区丸の内一丁目9-1,139.766103,35.681391
有楽町,東京都千代田区有楽町二丁目9,139.763806,35.675441
新橋,東京都港区新橋二丁目17,139.758587,35.666195
浜松町,東京都港区海岸一丁目3-1,139.757135,35.655391
田町,東京都港区芝五丁目33-36,139.747575,35.645736
品川,東京都港区高輪三丁目26-26,139.738999,35.62876
西府,東京都府中市本宿町一丁目40-6,139.457477,35.670912
立川,東京都立川市曙町二丁目1-1,139.413704,35.698202
八王子,東京都八王子市旭町1-1,139.338998,35.655555
東京,東京都千代田区丸の内一丁目,139.766103,35.681391
新橋,東京都港区新橋二丁目17,139.758587,35.666195
品川,東京都港区高輪三丁目26-26,139.738999,35.62876
東京,東京都千代田区丸の内一丁目,139.766103,35.681391
四ツ谷,東京都新宿区四谷一丁目,139.730644,35.686041
新宿,東京都新宿区新宿三丁目38-1,139.700464,35.689729
吉祥寺,東京都武蔵野市吉祥寺南町,139.579765,35.703119
三鷹,東京都三鷹市下連雀三丁目46-1,139.560325,35.702683
国分寺,東京都国分寺市本町二丁目1-23,139.480841,35.700123
立川,東京都立川市曙町二丁目1-1,139.413704,35.698202
八王子,東京都八王子市旭町1-1,139.338998,35.655555
東京,東京都千代田区丸の内一丁目,139.766103,35.681391
神田,東京都千代田区鍛冶町二丁目13-1,139.770641,35.691173
四ツ谷,東京都新宿区四谷一丁目,139.730644,35.686041
新宿,東京都新宿区新宿三丁目38-1,139.700464,35.689729
阿佐ケ谷,東京都杉並区阿佐谷南三丁目36-3,139.635868,35.704818
吉祥寺,東京都武蔵野市吉祥寺南町,139.579765,35.703119
三鷹,東京都三鷹市下連雀三丁目46-1,139.560325,35.702683
国分寺,東京都国分寺市本町二丁目1-23,139.480841,35.700123
立川,東京都立川市曙町二丁目1-1,139.413704,35.698202
八王子,東京都八王子市旭町1-1,139.338998,35.655555
三鷹,東京都三鷹市下連雀三丁目46-1,139.560325,35.702683
吉祥寺,東京都武蔵野市吉祥寺南町,139.579765,35.703119
阿佐ケ谷,東京都杉並区阿佐谷南三丁目36-2,139.635868,35.704818
新宿,東京都新宿区新宿三丁目38-1,139.700464,35.689729
代々木,東京都渋谷区代々木一丁目34-1,139.702042,35.683061
千駄ケ谷,東京都渋谷区千駄ヶ谷一丁目35-10,139.711644,35.681231
四ツ谷,東京都新宿区四谷一丁目,139.730644,35.686041
市ケ谷,東京都新宿区市谷田町一丁目1,139.735241,35.691105
飯田橋,東京都千代田区飯田橋四丁目10-2,139.745143,35.701835
秋葉原,東京都千代田区外神田一丁目17-6,139.773288,35.698619
東京,東京都千代田区丸の内一丁目,139.766103,35.681391
立川,東京都立川市曙町二丁目1-1,139.413704,35.698202
八王子,東京都八王子市旭町1-1,139.338998,35.655555
箱根ケ崎,東京都西多摩郡瑞穂町大字箱根ケ崎397,139.346805,35.771158
上野,東京都台東区上野七丁目1-1,139.777043,35.71379
上野,東京都台東区上野七丁目1-1,139.777043,35.71379
日暮里,東京都荒川区西日暮里二丁目,139.771287,35.727908
大崎,東京都品川区大崎一丁目21-4,139.728439,35.619772
恵比寿,東京都渋谷区恵比寿南一丁目5-5,139.71007,35.646685
渋谷,東京都渋谷区道玄坂一丁目1-1,139.701238,35.658871
新宿,東京都新宿区新宿三丁目38-1,139.700464,35.689729
池袋,東京都豊島区,139.711086,35.730256
上野,東京都台東区上野七丁目1-1,139.777043,35.71379
東京,東京都千代田区丸の内一丁目,139.766103,35.681391
新木場,東京都江東区新木場一丁目5,139.827402,35.646172
池袋,東京都豊島区,139.711086,35.730256
新宿,東京都新宿区新宿三丁目38-1,139.700464,35.689729
八王子,東京都八王子市旭町1-1,139.338998,35.655555
立川,東京都立川市曙町二丁目1-1,139.413704,35.698202
国分寺,東京都国分寺市本町二丁目,139.480841,35.700123
三鷹,東京都三鷹市下連雀三丁目46-1,139.560325,35.702683
吉祥寺,東京都武蔵野市吉祥寺南町,139.579765,35.703119
渋谷,東京都渋谷区道玄坂一丁目1-1,139.701238,35.658871
品川,東京都港区高輪三丁目26-26,139.738999,35.62876
東京,東京都千代田区丸の内一丁目,139.766103,35.681391
田端,東京都北区東田端一丁目17-1,139.761229,35.737781
西日暮里,東京都荒川区西日暮里五丁目22-1,139.766857,35.731954
日暮里,東京都荒川区西日暮里二丁目,139.771287,35.727908
鶯谷,東京都台東区根岸一丁目4-1,139.778015,35.721484
上野,東京都台東区上野七丁目1-1,139.777043,35.71379
御徒町,東京都台東区上野五丁目27,139.774727,35.707282
秋葉原,東京都千代田区外神田一丁目17-6,139.773288,35.698619
神田,東京都千代田区鍛冶町二丁目13-1,139.770641,35.691173
東京,東京都千代田区丸の内一丁目,139.766103,35.681391
有楽町,東京都千代田区有楽町二丁目9-17,139.763806,35.675441
新橋,東京都港区新橋二丁目17,139.758587,35.666195
浜松町,東京都港区海岸一丁目3-1,139.757135,35.655391
田町,東京都港区芝五丁目33-36,139.747575,35.645736
品川,東京都港区高輪三丁目26-26,139.738999,35.62876
池袋,東京都豊島区,139.711086,35.730256
新宿,東京都新宿区新宿三丁目38-1,139.700464,35.689729
渋谷,東京都渋谷区道玄坂一丁目1-1,139.701238,35.658871
恵比寿,東京都渋谷区恵比寿南一丁目5-5,139.71007,35.646685
大崎,東京都品川区大崎一丁目21-4,139.728439,35.619772
東京,東京都千代田区丸の内一丁目9-1,139.766103,35.681391
上野,東京都台東区上野七丁目1-1,139.777043,35.71379
池袋,東京都豊島区,139.710678,35.730924
浅草,東京都台東区,139.798214,35.711883
鐘ヶ淵,東京都墨田区墨田5丁目,139.820344,35.733712
池袋,東京都豊島区南池袋一丁目28-2,139.711461,35.72913
ひばりヶ丘,東京都西東京市住吉町三丁目,139.545852,35.751485
小竹向原,東京都練馬区小竹町二丁目16-15,139.678572,35.743803
高田馬場,東京都新宿区高田馬場一丁目35-2,139.703715,35.712677
国分寺,東京都国分寺市本町二丁目1-23,139.480841,35.700123
恋ヶ窪,東京都国分寺市戸倉一丁目1-4,139.463944,35.711385
国分寺,東京都国分寺市本町二丁目1-23,139.479547,35.700836
京成上野,東京都台東区上野公園1-60,139.773571,35.711232
日暮里,東京都荒川区西日暮里二丁目,139.771287,35.727908
青砥,東京都葛飾区青戸三丁目36番1号,139.856292,35.745883
京成高砂,東京都葛飾区高砂五丁目28-1,139.866875,35.750932
青砥,東京都葛飾区青戸三丁目36番1号,139.856292,35.745883
京成高砂,東京都葛飾区高砂五丁目28-1,139.866875,35.750932
京成高砂,東京都葛飾区高砂五丁目28-1,139.866875,35.750932
京成上野,東京都台東区上野公園1-60,139.773571,35.711232
日暮里,東京都荒川区西日暮里二丁目19-1,139.771287,35.727908
青砥,東京都葛飾区青戸三丁目36番1号,139.856292,35.745883
京成高砂,東京都葛飾区高砂五丁目28-1,139.866875,35.750932
新宿,東京都新宿区西新宿一丁目1-4,139.699187,35.690163
幡ヶ谷,東京都渋谷区幡ヶ谷一丁目,139.676183,35.677061
つつじヶ丘,東京都調布市西つつじヶ丘三丁目35-1,139.575103,35.657936
聖蹟桜ヶ丘,東京都多摩市関戸一丁目10-10,139.446979,35.650814
京王よみうりランド,東京都稲城市矢野口,139.517597,35.632934
渋谷,東京都渋谷区道玄坂一丁目4-1,139.700872,35.6587
新線新宿,東京都新宿区西新宿一丁目18,139.698812,35.68869
富士見ヶ丘,東京都杉並区久我山五丁目1番25号,139.607072,35.684805
吉祥寺,東京都武蔵野市吉祥寺南町,139.580306,35.702291
幡ヶ谷,東京都渋谷区幡ヶ谷一丁目,139.676183,35.677061
新宿,東京都新宿区西新宿一丁目1-3,139.699574,35.691435
梅ヶ丘,東京都世田谷区梅丘,139.653628,35.656024
祖師ヶ谷大蔵,東京都世田谷区祖師谷1丁目,139.609659,35.643236
渋谷,東京都渋谷区渋谷二丁目24-1,139.702417,35.659545
目黒,東京都品川区上大崎四丁目2-1,139.7155,35.633272
渋谷,東京都渋谷区道玄坂二丁目1-1,139.702148,35.65802
五反田,東京都品川区東五反田二丁目1-1,139.724175,35.625262
品川,東京都港区高輪三丁目26-26,139.73809,35.628284
羽田空港国際線ターミナル,東京都大田区羽田空港二丁目6番5号,139.768968,35.544676
浅草,東京都台東区,139.797592,35.710733
上野,東京都台東区東上野三丁目19-6,139.777122,35.711482
神田,東京都千代田区神田須田町一丁目16,139.770899,35.693587
新橋,東京都港区新橋二丁目17-5,139.758432,35.667434
渋谷,東京都渋谷区道玄坂一丁目1-1,139.701,35.659066
池袋,東京都豊島区,139.711086,35.730256
東京,東京都千代田区丸の内一丁目,139.764708,35.681753
新宿,東京都新宿区西新宿一丁目 西口地下街1号,139.700711,35.69235
上野,東京都台東区東上野三丁目19-6,139.777122,35.711482
秋葉原,東京都千代田区神田佐久間町一丁目21,139.775459,35.698162
恵比寿,東京都渋谷区恵比寿南一丁目5-5,139.708988,35.647332
高田馬場,東京都新宿区高田馬場一丁目35-1,139.704745,35.713338
早稲田,東京都新宿区,139.721319,35.705723
飯田橋,東京都千代田区飯田橋四丁目10-3,139.745986,35.701725
西日暮里,東京都荒川区西日暮里五丁目14-1,139.766511,35.732257
地下鉄成増,東京都板橋区成増二丁目11-3,139.631497,35.776557
地下鉄赤塚,東京都練馬区北町八丁目37-16,139.644021,35.769939
平和台,東京都練馬区早宮2-17-48,139.653762,35.757863
氷川台,東京都練馬区氷川台三丁目38-18,139.665567,35.74955
小竹向原,東京都練馬区小竹町二丁目16-15,139.678572,35.743803
千川,東京都豊島区要町三丁目10-7,139.689271,35.738229
要町,東京都豊島区要町一丁目1-10,139.698715,35.73323
池袋,東京都豊島区西池袋三丁目28-14,139.710088,35.729565
東池袋,東京都豊島区東池袋四丁目4-4,139.719546,35.725732
護国寺,東京都文京区大塚五丁目40-8,139.72754,35.719044
江戸川橋,東京都文京区関口一丁目19-6,139.733538,35.709495
飯田橋,東京都新宿区神楽坂一丁目13,139.743669,35.701934
市ケ谷,東京都新宿区市谷田町一丁目1,139.73647,35.691958
麹町,東京都千代田区麹町三丁目2,139.737613,35.684006
永田町,東京都千代田区永田町一丁目11-28,139.740258,35.678757
桜田門,東京都千代田区霞が関二丁目1-1,139.75149,35.677405
有楽町,東京都千代田区有楽町一丁目11-1,139.763265,35.675714
銀座一丁目,東京都中央区銀座一丁目7-12,139.767045,35.67435
新富町,東京都中央区築地一丁目1-1,139.773711,35.670462
月島,東京都中央区月島一丁目3-9,139.784233,35.664871
豊洲,東京都江東区豊洲四丁目1-1,139.79621,35.654908
辰巳,東京都江東区辰巳一丁目1-44,139.81052,35.645576
新木場,東京都江東区新木場一丁目6,139.826254,35.645832
渋谷,東京都渋谷区道玄坂二丁目1-1,139.701,35.659066
永田町,東京都千代田区永田町一丁目11-29,139.740258,35.678757
西ケ原,東京都北区西ヶ原二丁目3-8,139.742322,35.746008
駒込,東京都豊島区駒込二丁目,139.746442,35.736959
飯田橋,東京都新宿区神楽坂一丁目13,139.743669,35.701934
市ケ谷,東京都千代田区五番町2-1,139.736642,35.691295
永田町,東京都千代田区永田町一丁目11-28,139.740258,35.678757
目黒,東京都品川区上大崎四丁目2-1,139.7155,35.633272
地下鉄成増,東京都板橋区成増二丁目11-3,139.631497,35.776557
地下鉄赤塚,東京都練馬区北町八丁目37-16,139.644021,35.769939
平和台,東京都練馬区早宮2-17-48,139.653762,35.757863
氷川台,東京都練馬区氷川台三丁目38-18,139.665567,35.74955
小竹向原,東京都練馬区小竹町二丁目16-15,139.678572,35.743803
千川,東京都豊島区要町三丁目10-7,139.689271,35.738229
要町,東京都豊島区要町一丁目1-10,139.698715,35.73323
池袋,東京都豊島区,139.708291,35.731464
渋谷,東京都渋谷区道玄坂二丁目1-1,139.702417,35.659545
飯田橋,東京都文京区後楽一丁目9-5,139.744999,35.702927
月島,東京都中央区月島一丁目3-9,139.784233,35.664871
代々木,東京都渋谷区代々木一丁目35-5,139.701666,35.683218
新宿,東京都渋谷区代々木二丁目1-1,139.698812,35.68869
五反田,東京都品川区東五反田一丁目26-14,139.724175,35.627102
新橋,東京都港区新橋二丁目21-1,139.759451,35.665577
浅草,東京都台東区,139.79697,35.709461
目黒,東京都品川区上大崎四丁目2-1,139.7155,35.633272
巣鴨,東京都豊島区巣鴨,139.738519,35.733502
新宿,東京都新宿区西新宿一丁目18,139.698812,35.68869
市ヶ谷,東京都新宿区市谷田町一丁目1,139.735794,35.692594
西ヶ原四丁目,東京都北区西ヶ原四丁目,139.732779,35.744501
都電雑司ヶ谷,東京都豊島区南池袋,139.718006,35.724261
早稲田,東京都新宿区,139.718928,35.711848
秋葉原,東京都千代田区,139.774273,35.698889
浅草,東京都台東区,139.792389,35.713817
新橋,東京都港区東新橋一丁目5-13,139.759644,35.665503
豊洲,東京都江東区豊洲,139.795414,35.653792
浜松町,東京都港区,139.756747,35.655666
羽田空港国際線ビル,東京都大田区羽田空港二丁目6-5,139.768206,35.544169
新木場,東京都江東区新木場一丁目6,139.827402,35.646172
大崎,東京都品川区大崎一丁目21-4,139.728439,35.619772
京成高砂,東京都葛飾区高砂五丁目28-1,139.866875,35.750932
日暮里,東京都荒川区西日暮里二丁目19-1,139.771287,35.727908
西日暮里,東京都荒川区西日暮里五丁目31-7,139.766857,35.731954
